"","Protection","Base","Cap","Fusion","GP1/Core","GP1/Head","HR2","Neut_VSV","unNeutFrac","Neut_micro","Neut_dVP30","GP_EC50","sGP_EC50","human","mouse","IgG2a","IgG2b","HumanIgG1","MouseIgG1","P2","R1","R11","R12","R2","R3","R4","R5","R6","R7","R8","R9","BDBV & SUDV","BDBV only","BDBV, SUDV, RESTV ","Marburg only","None","RESTV only","SUDV & RESTV","SUDV only","Polyfunctionality","huADCP","mADCP","CD107a","IFNg","MIP.1b","huADNP","mADNP","sGP_huADCP","sGP_huADNP","Total_G0","Total_G1","Total_G2","Total_Fucose","Total_Bisecting","Total_mono_SA","Total_SA","G0","G0F","G0FB","G1","G1.","G1F","G1F.","G1S1F","G1FB","G2F","G2FB","G2S1","G2S1F","G2S1B","G2S1FB","Escape Region: 10","Escape Region: 28","Escape Region: 48","Escape Region: Base","Escape Region: Cap","Escape Region: Fusion Loop","Escape Region: GP1 Core","Escape Region: Mucin","No Escape Mutants","Binding","No binding","Not done","Weak binding only","sGP.binderFALSE","sGP.binderTRUE","Epitope_TierTier1","Epitope_TierTier2","Epitope_TierTier3"
"Protection",1,NA,NA,NA,NA,NA,NA,NA,NA,NA,NA,NA,NA,NA,NA,NA,NA,NA,NA,NA,NA,NA,NA,NA,NA,NA,NA,NA,NA,NA,NA,NA,NA,NA,NA,NA,NA,NA,NA,NA,NA,NA,NA,NA,NA,NA,NA,NA,NA,NA,NA,NA,NA,NA,NA,NA,NA,NA,NA,NA,NA,NA,NA,NA,NA,NA,NA,NA,NA,NA,NA,NA,NA,NA,NA,NA,NA,NA,NA,NA,NA,NA,NA,NA,NA,NA,NA,NA,NA
"Base",NA,1,NA,NA,NA,NA,NA,NA,NA,NA,NA,NA,0.515887178046852,NA,NA,NA,NA,NA,NA,NA,NA,NA,NA,NA,NA,NA,NA,NA,NA,NA,NA,NA,NA,NA,NA,NA,NA,NA,NA,NA,NA,NA,NA,NA,NA,NA,NA,NA,NA,NA,NA,NA,NA,NA,NA,NA,NA,NA,NA,NA,NA,NA,NA,NA,NA,NA,NA,NA,NA,NA,NA,NA,NA,NA,NA,NA,NA,NA,NA,NA,NA,NA,NA,NA,0.554273995473693,-0.554273995473693,NA,0.502448423176264,NA
"Cap",NA,NA,1,NA,NA,NA,NA,-0.533230076247324,-0.504642560165328,NA,NA,NA,NA,NA,NA,NA,NA,NA,NA,NA,NA,NA,NA,NA,NA,NA,NA,NA,NA,NA,0.4599331055039,NA,NA,NA,NA,NA,NA,NA,NA,NA,NA,NA,NA,NA,NA,NA,NA,0.494148662279784,NA,NA,NA,NA,NA,NA,NA,NA,NA,NA,NA,NA,NA,NA,NA,NA,NA,NA,NA,0.457857372994033,NA,NA,NA,NA,0.4599331055039,NA,NA,NA,NA,NA,NA,NA,NA,NA,NA,NA,-0.504524979109513,0.504524979109513,0.722595683729513,-0.556564739957815,NA
"Fusion",NA,NA,NA,1,NA,NA,NA,NA,NA,NA,NA,NA,NA,NA,NA,NA,NA,NA,NA,NA,NA,NA,NA,NA,NA,NA,NA,NA,NA,NA,NA,NA,NA,NA,NA,NA,NA,NA,NA,NA,NA,NA,NA,NA,NA,NA,NA,NA,NA,NA,NA,NA,NA,NA,NA,NA,NA,NA,NA,NA,NA,NA,NA,NA,NA,NA,NA,NA,NA,NA,NA,NA,NA,NA,NA,NA,NA,NA,NA,NA,NA,NA,NA,0.546941769428245,NA,NA,NA,NA,NA
"GP1/Core",NA,NA,NA,NA,1,NA,NA,NA,NA,NA,NA,NA,NA,NA,NA,NA,NA,NA,NA,NA,NA,NA,NA,NA,NA,NA,NA,NA,NA,NA,NA,NA,NA,NA,NA,NA,NA,NA,NA,NA,NA,NA,NA,NA,NA,NA,NA,NA,0.547832134890979,NA,NA,NA,NA,NA,NA,NA,NA,NA,NA,NA,NA,NA,NA,NA,NA,NA,NA,NA,NA,NA,NA,NA,NA,NA,NA,NA,NA,NA,NA,NA,NA,NA,NA,NA,-0.46494781490855,0.46494781490855,NA,NA,NA
"GP1/Head",NA,NA,NA,NA,NA,1,NA,NA,NA,NA,NA,NA,-0.467141465734904,NA,NA,NA,NA,NA,NA,NA,NA,NA,NA,NA,NA,NA,NA,NA,NA,NA,NA,NA,NA,NA,NA,NA,NA,NA,NA,NA,NA,NA,NA,NA,NA,NA,NA,NA,NA,NA,NA,NA,NA,NA,NA,NA,NA,NA,NA,NA,NA,NA,NA,NA,NA,NA,NA,NA,NA,NA,NA,NA,NA,NA,NA,NA,NA,NA,NA,NA,NA,NA,NA,NA,NA,NA,0.546941769428245,NA,NA
"HR2",NA,NA,NA,NA,NA,NA,1,NA,NA,NA,NA,NA,NA,NA,NA,NA,NA,NA,NA,NA,NA,NA,NA,NA,NA,NA,NA,NA,NA,NA,NA,0.6076436202502,NA,NA,NA,NA,NA,NA,NA,NA,NA,NA,NA,NA,NA,NA,NA,NA,NA,NA,NA,NA,NA,NA,NA,NA,NA,NA,NA,NA,NA,NA,NA,NA,NA,NA,NA,NA,NA,NA,NA,NA,NA,NA,NA,NA,NA,NA,NA,NA,NA,NA,NA,NA,NA,NA,NA,NA,1
"Neut_VSV",NA,NA,-0.533230076247324,NA,NA,NA,NA,1,0.582790405187569,NA,NA,NA,0.730313059129148,NA,NA,NA,NA,NA,NA,NA,NA,NA,NA,NA,NA,NA,NA,NA,NA,NA,NA,NA,NA,NA,NA,NA,NA,NA,NA,NA,NA,NA,NA,NA,NA,NA,-0.47253561408833,-0.661236229891302,-0.612449367079823,NA,NA,NA,NA,NA,NA,NA,NA,NA,NA,NA,NA,NA,NA,NA,NA,NA,NA,NA,NA,NA,NA,NA,NA,NA,NA,NA,NA,NA,NA,NA,NA,NA,NA,NA,0.833142827069105,-0.833142827069105,-0.549368468036642,NA,NA
"unNeutFrac",NA,NA,-0.504642560165328,NA,NA,NA,NA,0.582790405187569,1,NA,0.544296894664095,NA,NA,NA,NA,NA,NA,NA,NA,NA,NA,NA,NA,NA,NA,NA,NA,NA,NA,NA,NA,NA,NA,NA,NA,NA,NA,NA,NA,NA,NA,NA,NA,NA,NA,NA,NA,NA,NA,NA,NA,NA,NA,NA,NA,NA,NA,NA,NA,NA,NA,NA,NA,NA,NA,NA,NA,NA,NA,NA,NA,NA,NA,NA,NA,NA,NA,NA,NA,NA,NA,NA,NA,NA,NA,NA,NA,NA,NA
"Neut_micro",NA,NA,NA,NA,NA,NA,NA,NA,NA,1,0.482924048178988,NA,NA,NA,NA,NA,NA,NA,NA,NA,NA,NA,NA,NA,NA,NA,NA,NA,NA,NA,NA,NA,NA,NA,NA,NA,NA,NA,NA,NA,NA,NA,NA,NA,NA,NA,NA,NA,NA,NA,NA,NA,NA,-0.489452778983804,NA,NA,NA,NA,NA,NA,NA,NA,NA,NA,NA,NA,NA,NA,NA,NA,NA,NA,NA,NA,NA,NA,NA,NA,NA,NA,NA,NA,NA,NA,NA,NA,NA,NA,NA
"Neut_dVP30",NA,NA,NA,NA,NA,NA,NA,NA,0.544296894664095,0.482924048178988,1,NA,NA,NA,NA,NA,NA,NA,NA,NA,NA,NA,NA,NA,NA,NA,NA,NA,NA,NA,NA,NA,NA,NA,NA,NA,NA,NA,NA,NA,NA,NA,NA,NA,NA,NA,NA,NA,NA,NA,NA,NA,NA,NA,NA,NA,NA,NA,NA,NA,0.462490092386873,NA,NA,NA,NA,NA,NA,NA,NA,NA,NA,NA,NA,NA,NA,NA,NA,NA,NA,NA,NA,NA,NA,NA,NA,NA,NA,NA,NA
"GP_EC50",NA,NA,NA,NA,NA,NA,NA,NA,NA,NA,NA,1,NA,NA,NA,NA,NA,NA,NA,NA,NA,NA,NA,NA,NA,NA,NA,NA,NA,NA,NA,NA,NA,NA,NA,NA,NA,NA,NA,NA,NA,NA,NA,NA,NA,NA,NA,NA,NA,NA,NA,NA,NA,NA,NA,NA,0.55041740777697,NA,NA,NA,NA,NA,NA,NA,NA,NA,NA,NA,NA,NA,NA,NA,NA,NA,NA,NA,NA,NA,NA,NA,-0.470128076340124,NA,0.481737925195254,NA,NA,NA,NA,NA,NA
"sGP_EC50",NA,0.515887178046852,NA,NA,NA,-0.467141465734904,NA,0.730313059129148,NA,NA,NA,NA,1,NA,NA,NA,NA,NA,NA,-0.475173861867201,NA,NA,NA,NA,NA,NA,NA,NA,NA,NA,NA,NA,NA,NA,NA,NA,NA,NA,NA,-0.61485778941173,NA,-0.600557190794891,NA,NA,NA,-0.720106923085628,-0.518080045808095,-0.691647159094725,-0.773094509989745,NA,NA,NA,NA,NA,NA,NA,NA,NA,NA,NA,NA,NA,NA,NA,NA,NA,NA,NA,NA,NA,NA,NA,NA,NA,NA,NA,NA,NA,NA,NA,NA,NA,NA,NA,0.930743968253399,-0.930743968253399,-0.642715328174861,NA,NA
"human",NA,NA,NA,NA,NA,NA,NA,NA,NA,NA,NA,NA,NA,1,-1,-0.619240378703248,NA,1,-0.619240378703248,NA,-0.499083408945087,NA,NA,NA,NA,NA,NA,-0.499083408945087,NA,NA,NA,NA,NA,NA,NA,-0.539126552347746,NA,NA,NA,NA,NA,NA,NA,NA,NA,NA,NA,NA,NA,0.52591884949534,-0.597137027031167,NA,NA,NA,NA,NA,NA,NA,NA,NA,NA,NA,NA,-0.564488413913226,0.526125123647278,NA,NA,NA,NA,NA,NA,NA,NA,NA,-0.619240378703248,NA,NA,NA,NA,0.526614154242476,0.46494781490855,NA,-0.567178258108144,NA,NA,NA,NA,NA,NA
"mouse",NA,NA,NA,NA,NA,NA,NA,NA,NA,NA,NA,NA,NA,-1,1,0.619240378703248,NA,-1,0.619240378703248,NA,0.499083408945087,NA,NA,NA,NA,NA,NA,0.499083408945087,NA,NA,NA,NA,NA,NA,NA,0.539126552347746,NA,NA,NA,NA,NA,NA,NA,NA,NA,NA,NA,NA,NA,-0.52591884949534,0.597137027031167,NA,NA,NA,NA,NA,NA,NA,NA,NA,NA,NA,NA,0.564488413913226,-0.526125123647278,NA,NA,NA,NA,NA,NA,NA,NA,NA,0.619240378703248,NA,NA,NA,NA,-0.526614154242476,-0.46494781490855,NA,0.567178258108144,NA,NA,NA,NA,NA,NA
"IgG2a",NA,NA,NA,NA,NA,NA,NA,NA,NA,NA,NA,NA,NA,-0.619240378703248,0.619240378703248,1,NA,-0.619240378703248,NA,NA,0.805960699769319,NA,NA,NA,NA,0.562731433871138,NA,NA,NA,NA,NA,NA,NA,NA,NA,NA,NA,NA,NA,NA,NA,NA,NA,NA,NA,NA,NA,NA,NA,NA,NA,NA,NA,NA,NA,NA,NA,NA,NA,NA,NA,NA,NA,NA,NA,NA,NA,NA,NA,NA,NA,NA,NA,NA,NA,NA,NA,NA,NA,NA,NA,NA,NA,NA,NA,NA,NA,NA,NA
"IgG2b",NA,NA,NA,NA,NA,NA,NA,NA,NA,NA,NA,NA,NA,NA,NA,NA,1,NA,NA,NA,NA,NA,NA,1,NA,NA,NA,NA,NA,NA,NA,NA,NA,NA,NA,NA,NA,NA,NA,NA,NA,NA,NA,NA,NA,NA,NA,NA,NA,NA,NA,NA,NA,NA,NA,NA,NA,NA,NA,NA,NA,NA,NA,NA,NA,NA,NA,NA,NA,NA,NA,0.698212002188447,NA,NA,NA,NA,NA,NA,NA,NA,NA,NA,NA,NA,NA,NA,NA,NA,NA
"HumanIgG1",NA,NA,NA,NA,NA,NA,NA,NA,NA,NA,NA,NA,NA,1,-1,-0.619240378703248,NA,1,-0.619240378703248,NA,-0.499083408945087,NA,NA,NA,NA,NA,NA,-0.499083408945087,NA,NA,NA,NA,NA,NA,NA,-0.539126552347746,NA,NA,NA,NA,NA,NA,NA,NA,NA,NA,NA,NA,NA,0.52591884949534,-0.597137027031167,NA,NA,NA,NA,NA,NA,NA,NA,NA,NA,NA,NA,-0.564488413913226,0.526125123647278,NA,NA,NA,NA,NA,NA,NA,NA,NA,-0.619240378703248,NA,NA,NA,NA,0.526614154242476,0.46494781490855,NA,-0.567178258108144,NA,NA,NA,NA,NA,NA
"MouseIgG1",NA,NA,NA,NA,NA,NA,NA,NA,NA,NA,NA,NA,NA,-0.619240378703248,0.619240378703248,NA,NA,-0.619240378703248,1,NA,NA,NA,NA,NA,NA,NA,NA,0.805960699769319,NA,NA,NA,NA,NA,NA,NA,NA,NA,NA,NA,NA,NA,NA,NA,NA,NA,NA,NA,NA,NA,NA,NA,NA,NA,NA,NA,NA,NA,NA,NA,NA,NA,NA,NA,NA,NA,NA,NA,NA,NA,NA,NA,NA,NA,NA,0.640350877192983,NA,NA,NA,NA,NA,NA,NA,NA,NA,NA,NA,NA,NA,NA
"P2",NA,NA,NA,NA,NA,NA,NA,NA,NA,NA,NA,NA,-0.475173861867201,NA,NA,NA,NA,NA,NA,1,NA,NA,NA,NA,NA,NA,NA,NA,NA,NA,NA,NA,NA,NA,NA,NA,NA,NA,NA,0.510567893046192,NA,NA,0.478543967681475,0.482914755172669,0.483745532547578,NA,NA,NA,NA,NA,NA,NA,NA,NA,-0.488968394410334,-0.488968394410334,-0.649909599599659,NA,NA,0.681642544964515,NA,0.468181622096923,NA,NA,NA,NA,NA,NA,-0.525426709277851,NA,0.608821785780768,NA,NA,NA,NA,NA,NA,NA,NA,NA,NA,NA,NA,NA,NA,NA,NA,NA,NA
"R1",NA,NA,NA,NA,NA,NA,NA,NA,NA,NA,NA,NA,NA,-0.499083408945087,0.499083408945087,0.805960699769319,NA,-0.499083408945087,NA,NA,1,NA,NA,NA,NA,NA,NA,NA,NA,NA,NA,NA,NA,NA,NA,NA,NA,NA,NA,NA,NA,NA,NA,NA,NA,NA,NA,NA,NA,NA,NA,NA,NA,NA,NA,NA,NA,NA,NA,NA,NA,NA,NA,NA,NA,NA,NA,NA,NA,NA,NA,NA,NA,NA,NA,0.474358974358974,NA,NA,NA,NA,NA,NA,NA,NA,NA,NA,NA,NA,NA
"R11",NA,NA,NA,NA,NA,NA,NA,NA,NA,NA,NA,NA,NA,NA,NA,NA,NA,NA,NA,NA,NA,1,NA,NA,NA,NA,NA,NA,NA,NA,NA,NA,NA,NA,NA,NA,NA,0.480884601541784,NA,NA,NA,NA,NA,NA,NA,NA,NA,NA,NA,NA,NA,NA,NA,NA,NA,NA,NA,NA,NA,NA,NA,NA,NA,NA,NA,NA,NA,NA,NA,NA,NA,NA,NA,NA,NA,NA,0.480884601541784,0.480884601541784,NA,NA,NA,NA,NA,NA,NA,NA,NA,NA,NA
"R12",NA,NA,NA,NA,NA,NA,NA,NA,NA,NA,NA,NA,NA,NA,NA,NA,NA,NA,NA,NA,NA,NA,1,NA,NA,NA,NA,NA,NA,NA,NA,NA,NA,NA,NA,NA,NA,NA,NA,NA,NA,NA,-0.569187455039514,-0.633563898832007,-0.676177578167242,-0.483595356537332,NA,-0.466476936836895,NA,0.693295997867679,-0.671897973242133,NA,NA,NA,NA,NA,NA,0.83452296039628,NA,NA,0.455877211732472,NA,-0.701855207717897,NA,NA,-0.778922022283869,NA,NA,0.494358967012326,NA,NA,NA,NA,NA,NA,NA,NA,NA,NA,0.517549169506766,0.639945243384084,NA,-0.6076436202502,NA,NA,NA,NA,NA,NA
"R2",NA,NA,NA,NA,NA,NA,NA,NA,NA,NA,NA,NA,NA,NA,NA,NA,1,NA,NA,NA,NA,NA,NA,1,NA,NA,NA,NA,NA,NA,NA,NA,NA,NA,NA,NA,NA,NA,NA,NA,NA,NA,NA,NA,NA,NA,NA,NA,NA,NA,NA,NA,NA,NA,NA,NA,NA,NA,NA,NA,NA,NA,NA,NA,NA,NA,NA,NA,NA,NA,NA,0.698212002188447,NA,NA,NA,NA,NA,NA,NA,NA,NA,NA,NA,NA,NA,NA,NA,NA,NA
"R3",NA,NA,NA,NA,NA,NA,NA,NA,NA,NA,NA,NA,NA,NA,NA,NA,NA,NA,NA,NA,NA,NA,NA,NA,1,NA,NA,NA,NA,NA,NA,NA,NA,NA,NA,NA,NA,NA,NA,NA,NA,NA,NA,NA,NA,NA,NA,NA,NA,NA,NA,NA,NA,NA,NA,NA,NA,NA,NA,NA,NA,NA,NA,NA,NA,NA,NA,NA,NA,NA,NA,NA,NA,NA,NA,NA,NA,NA,NA,NA,NA,NA,NA,NA,NA,NA,NA,NA,NA
"R4",NA,NA,NA,NA,NA,NA,NA,NA,NA,NA,NA,NA,NA,NA,NA,0.562731433871138,NA,NA,NA,NA,NA,NA,NA,NA,NA,1,NA,NA,NA,NA,NA,NA,NA,NA,NA,NA,NA,NA,NA,NA,NA,NA,NA,NA,NA,NA,NA,NA,NA,NA,NA,NA,NA,NA,NA,NA,NA,NA,NA,NA,NA,NA,NA,NA,NA,NA,NA,NA,NA,NA,NA,NA,0.698212002188447,NA,NA,NA,NA,NA,NA,NA,NA,NA,NA,NA,NA,NA,NA,NA,NA
"R5",NA,NA,NA,NA,NA,NA,NA,NA,NA,NA,NA,NA,NA,NA,NA,NA,NA,NA,NA,NA,NA,NA,NA,NA,NA,NA,1,NA,NA,NA,NA,NA,NA,NA,0.698212002188447,NA,NA,NA,NA,NA,NA,NA,NA,NA,NA,NA,NA,NA,NA,NA,NA,NA,NA,NA,NA,NA,NA,NA,NA,NA,NA,NA,NA,NA,NA,NA,NA,NA,NA,NA,NA,NA,NA,NA,NA,NA,NA,NA,NA,NA,NA,NA,NA,NA,NA,NA,NA,NA,NA
"R6",NA,NA,NA,NA,NA,NA,NA,NA,NA,NA,NA,NA,NA,-0.499083408945087,0.499083408945087,NA,NA,-0.499083408945087,0.805960699769319,NA,NA,NA,NA,NA,NA,NA,NA,1,NA,NA,NA,NA,NA,NA,NA,NA,NA,NA,NA,NA,NA,NA,NA,NA,NA,NA,NA,NA,NA,NA,NA,NA,NA,NA,NA,NA,NA,NA,NA,NA,NA,NA,NA,NA,NA,NA,NA,NA,NA,NA,NA,NA,NA,NA,0.805960699769319,NA,NA,NA,NA,NA,NA,NA,NA,NA,NA,NA,NA,NA,NA
"R7",NA,NA,NA,NA,NA,NA,NA,NA,NA,NA,NA,NA,NA,NA,NA,NA,NA,NA,NA,NA,NA,NA,NA,NA,NA,NA,NA,NA,1,NA,NA,NA,NA,NA,NA,NA,NA,NA,NA,NA,NA,NA,NA,NA,NA,NA,NA,NA,NA,NA,NA,NA,NA,NA,NA,NA,NA,NA,NA,NA,NA,NA,NA,NA,NA,NA,NA,NA,NA,NA,NA,NA,0.698212002188447,NA,NA,NA,NA,NA,NA,NA,NA,NA,NA,NA,NA,NA,NA,NA,NA
"R8",NA,NA,NA,NA,NA,NA,NA,NA,NA,NA,NA,NA,NA,NA,NA,NA,NA,NA,NA,NA,NA,NA,NA,NA,NA,NA,NA,NA,NA,1,NA,NA,NA,NA,NA,NA,NA,NA,NA,NA,NA,NA,NA,NA,NA,NA,NA,NA,NA,NA,NA,NA,NA,NA,NA,NA,NA,NA,NA,NA,NA,NA,NA,NA,NA,NA,NA,NA,NA,NA,NA,0.474358974358974,NA,NA,NA,NA,NA,NA,0.698212002188447,NA,NA,NA,NA,NA,NA,NA,NA,NA,NA
"R9",NA,NA,0.4599331055039,NA,NA,NA,NA,NA,NA,NA,NA,NA,NA,NA,NA,NA,NA,NA,NA,NA,NA,NA,NA,NA,NA,NA,NA,NA,NA,NA,1,NA,NA,NA,NA,NA,NA,NA,NA,NA,NA,NA,NA,NA,NA,NA,NA,NA,NA,NA,NA,NA,NA,NA,NA,NA,NA,NA,NA,NA,NA,NA,NA,NA,NA,NA,NA,NA,NA,NA,NA,NA,NA,0.698212002188447,NA,NA,NA,NA,NA,NA,NA,NA,NA,NA,NA,NA,NA,NA,NA
"BDBV & SUDV",NA,NA,NA,NA,NA,NA,0.6076436202502,NA,NA,NA,NA,NA,NA,NA,NA,NA,NA,NA,NA,NA,NA,NA,NA,NA,NA,NA,NA,NA,NA,NA,NA,1,NA,NA,NA,NA,NA,NA,NA,NA,NA,NA,NA,NA,NA,NA,NA,NA,NA,NA,NA,NA,NA,NA,NA,NA,NA,NA,NA,NA,NA,NA,NA,NA,NA,NA,NA,NA,NA,NA,NA,NA,NA,NA,NA,NA,NA,NA,NA,NA,NA,NA,NA,NA,NA,NA,NA,NA,0.6076436202502
"BDBV only",NA,NA,NA,NA,NA,NA,NA,NA,NA,NA,NA,NA,NA,NA,NA,NA,NA,NA,NA,NA,NA,NA,NA,NA,NA,NA,NA,NA,NA,NA,NA,NA,1,NA,NA,-0.509629495047355,NA,NA,NA,NA,NA,NA,NA,NA,NA,NA,NA,NA,NA,NA,NA,NA,NA,NA,NA,NA,NA,NA,NA,NA,NA,NA,NA,NA,NA,NA,NA,NA,NA,NA,NA,NA,NA,NA,NA,NA,NA,NA,NA,NA,NA,NA,NA,NA,NA,NA,NA,NA,NA
"BDBV, SUDV, RESTV ",NA,NA,NA,NA,NA,NA,NA,NA,NA,NA,NA,NA,NA,NA,NA,NA,NA,NA,NA,NA,NA,NA,NA,NA,NA,NA,NA,NA,NA,NA,NA,NA,NA,1,NA,NA,NA,NA,NA,NA,NA,NA,NA,NA,NA,NA,NA,NA,NA,NA,NA,NA,NA,NA,NA,NA,NA,NA,NA,NA,NA,NA,NA,NA,NA,NA,NA,NA,NA,NA,NA,NA,NA,NA,NA,NA,NA,NA,NA,NA,NA,NA,NA,NA,NA,NA,NA,NA,NA
"Marburg only",NA,NA,NA,NA,NA,NA,NA,NA,NA,NA,NA,NA,NA,NA,NA,NA,NA,NA,NA,NA,NA,NA,NA,NA,NA,NA,0.698212002188447,NA,NA,NA,NA,NA,NA,NA,1,NA,NA,NA,NA,NA,NA,NA,NA,NA,NA,NA,NA,NA,NA,NA,NA,NA,NA,NA,NA,NA,NA,NA,NA,NA,NA,NA,NA,NA,NA,NA,NA,NA,NA,NA,NA,NA,NA,NA,NA,NA,NA,NA,NA,NA,NA,NA,NA,NA,NA,NA,NA,NA,NA
"None",NA,NA,NA,NA,NA,NA,NA,NA,NA,NA,NA,NA,NA,-0.539126552347746,0.539126552347746,NA,NA,-0.539126552347746,NA,NA,NA,NA,NA,NA,NA,NA,NA,NA,NA,NA,NA,NA,-0.509629495047355,NA,NA,1,NA,NA,NA,NA,NA,NA,NA,NA,NA,NA,NA,NA,NA,NA,NA,NA,NA,NA,NA,NA,NA,-0.468623348903205,NA,NA,NA,NA,NA,NA,NA,NA,NA,NA,NA,NA,NA,NA,NA,NA,NA,NA,NA,NA,NA,-0.490434519685908,-0.466232541170511,NA,0.544581148637171,NA,NA,NA,NA,NA,NA
"RESTV only",NA,NA,NA,NA,NA,NA,NA,NA,NA,NA,NA,NA,NA,NA,NA,NA,NA,NA,NA,NA,NA,NA,NA,NA,NA,NA,NA,NA,NA,NA,NA,NA,NA,NA,NA,NA,1,NA,NA,NA,NA,NA,NA,NA,NA,NA,NA,NA,NA,NA,NA,NA,NA,NA,NA,NA,NA,NA,NA,NA,NA,NA,NA,NA,NA,NA,NA,NA,NA,NA,NA,NA,NA,NA,NA,NA,NA,NA,NA,NA,NA,NA,NA,NA,NA,NA,NA,NA,NA
"SUDV & RESTV",NA,NA,NA,NA,NA,NA,NA,NA,NA,NA,NA,NA,NA,NA,NA,NA,NA,NA,NA,NA,NA,0.480884601541784,NA,NA,NA,NA,NA,NA,NA,NA,NA,NA,NA,NA,NA,NA,NA,1,NA,NA,NA,NA,NA,NA,NA,NA,NA,NA,NA,NA,NA,NA,NA,NA,NA,NA,NA,NA,NA,NA,NA,NA,NA,NA,NA,NA,NA,NA,NA,NA,NA,NA,NA,NA,NA,NA,NA,1,NA,NA,NA,NA,NA,NA,NA,NA,NA,NA,NA
"SUDV only",NA,NA,NA,NA,NA,NA,NA,NA,NA,NA,NA,NA,NA,NA,NA,NA,NA,NA,NA,NA,NA,NA,NA,NA,NA,NA,NA,NA,NA,NA,NA,NA,NA,NA,NA,NA,NA,NA,1,NA,NA,NA,NA,NA,NA,NA,NA,NA,NA,NA,NA,NA,NA,NA,NA,NA,NA,NA,NA,NA,NA,NA,NA,NA,NA,NA,NA,NA,NA,NA,NA,NA,NA,NA,NA,NA,NA,NA,NA,NA,NA,NA,NA,NA,NA,NA,NA,NA,NA
"Polyfunctionality",NA,NA,NA,NA,NA,NA,NA,NA,NA,NA,NA,NA,-0.61485778941173,NA,NA,NA,NA,NA,NA,0.510567893046192,NA,NA,NA,NA,NA,NA,NA,NA,NA,NA,NA,NA,NA,NA,NA,NA,NA,NA,NA,1,NA,NA,0.642565151630272,0.662361921546781,0.682406518841568,0.69118057274428,0.505045286379597,0.504955755217324,0.592517231919902,NA,NA,NA,NA,NA,NA,NA,NA,NA,NA,NA,NA,NA,NA,NA,NA,NA,NA,NA,NA,NA,0.472372549586389,NA,NA,NA,NA,NA,NA,NA,NA,NA,NA,NA,NA,NA,-0.493802600623711,0.493802600623711,NA,NA,NA
"huADCP",NA,NA,NA,NA,NA,NA,NA,NA,NA,NA,NA,NA,NA,NA,NA,NA,NA,NA,NA,NA,NA,NA,NA,NA,NA,NA,NA,NA,NA,NA,NA,NA,NA,NA,NA,NA,NA,NA,NA,NA,1,NA,NA,NA,NA,NA,0.545470383275261,0.494425087108014,NA,NA,NA,NA,NA,NA,NA,NA,NA,NA,NA,NA,NA,NA,NA,NA,NA,NA,NA,NA,NA,NA,NA,NA,NA,NA,NA,NA,NA,NA,NA,NA,NA,NA,NA,NA,-0.474252006834335,0.474252006834335,0.487279314457605,NA,NA
"mADCP",NA,NA,NA,NA,NA,NA,NA,NA,NA,NA,NA,NA,-0.600557190794891,NA,NA,NA,NA,NA,NA,NA,NA,NA,NA,NA,NA,NA,NA,NA,NA,NA,NA,NA,NA,NA,NA,NA,NA,NA,NA,NA,NA,1,NA,NA,NA,NA,NA,NA,0.457317073170732,NA,NA,NA,NA,NA,NA,NA,NA,NA,NA,NA,NA,NA,NA,NA,NA,NA,NA,NA,NA,NA,NA,NA,NA,NA,NA,NA,NA,NA,NA,NA,NA,NA,NA,NA,-0.527863103259086,0.527863103259086,NA,NA,NA
"CD107a",NA,NA,NA,NA,NA,NA,NA,NA,NA,NA,NA,NA,NA,NA,NA,NA,NA,NA,NA,0.478543967681475,NA,NA,-0.569187455039514,NA,NA,NA,NA,NA,NA,NA,NA,NA,NA,NA,NA,NA,NA,NA,NA,0.642565151630272,NA,NA,1,0.95227080181554,0.941114982578397,0.462717770034843,NA,NA,NA,NA,NA,NA,NA,NA,NA,NA,NA,-0.496689895470383,NA,0.464273294148499,NA,NA,NA,NA,NA,NA,NA,NA,NA,NA,NA,NA,NA,NA,NA,NA,NA,NA,NA,NA,NA,NA,NA,NA,NA,NA,NA,NA,NA
"IFNg",NA,NA,NA,NA,NA,NA,NA,NA,NA,NA,NA,NA,NA,NA,NA,NA,NA,NA,NA,0.482914755172669,NA,NA,-0.633563898832007,NA,NA,NA,NA,NA,NA,NA,NA,NA,NA,NA,NA,NA,NA,NA,NA,0.662361921546781,NA,NA,0.95227080181554,1,0.970455921791452,0.49327137934661,NA,NA,NA,NA,NA,NA,NA,NA,NA,NA,NA,-0.493708521653723,NA,0.4769573305542,NA,NA,NA,NA,NA,0.476243572136778,NA,NA,NA,NA,NA,NA,NA,NA,NA,NA,NA,NA,NA,NA,NA,NA,NA,NA,NA,NA,NA,NA,NA
"MIP.1b",NA,NA,NA,NA,NA,NA,NA,NA,NA,NA,NA,NA,NA,NA,NA,NA,NA,NA,NA,0.483745532547578,NA,NA,-0.676177578167242,NA,NA,NA,NA,NA,NA,NA,NA,NA,NA,NA,NA,NA,NA,NA,NA,0.682406518841568,NA,NA,0.941114982578397,0.970455921791452,1,0.471080139372822,NA,NA,NA,NA,NA,NA,NA,NA,NA,NA,NA,-0.506620209059234,NA,NA,NA,NA,0.483101045296167,NA,NA,0.50202535001233,NA,NA,NA,NA,NA,NA,NA,NA,NA,NA,NA,NA,NA,NA,NA,NA,NA,NA,NA,NA,NA,NA,NA
"huADNP",NA,NA,NA,NA,NA,NA,NA,NA,NA,NA,NA,NA,-0.720106923085628,NA,NA,NA,NA,NA,NA,NA,NA,NA,-0.483595356537332,NA,NA,NA,NA,NA,NA,NA,NA,NA,NA,NA,NA,NA,NA,NA,NA,0.69118057274428,NA,NA,0.462717770034843,0.49327137934661,0.471080139372822,1,NA,0.672299651567944,0.633623693379791,NA,NA,NA,NA,NA,NA,NA,NA,NA,NA,NA,NA,NA,NA,NA,NA,NA,NA,NA,NA,NA,NA,NA,NA,NA,NA,NA,NA,NA,NA,NA,NA,NA,NA,NA,-0.618589574131742,0.618589574131742,0.456270630810303,NA,NA
"mADNP",NA,NA,NA,NA,NA,NA,NA,-0.47253561408833,NA,NA,NA,NA,-0.518080045808095,NA,NA,NA,NA,NA,NA,NA,NA,NA,NA,NA,NA,NA,NA,NA,NA,NA,NA,NA,NA,NA,NA,NA,NA,NA,NA,0.505045286379597,0.545470383275261,NA,NA,NA,NA,NA,1,0.506794425087108,0.582752613240418,NA,NA,NA,NA,NA,NA,NA,NA,NA,NA,NA,NA,NA,NA,NA,NA,NA,NA,NA,NA,NA,NA,NA,NA,NA,NA,NA,NA,NA,NA,NA,NA,NA,NA,NA,-0.564978477706991,0.564978477706991,NA,NA,NA
"sGP_huADCP",NA,NA,0.494148662279784,NA,NA,NA,NA,-0.661236229891302,NA,NA,NA,NA,-0.691647159094725,NA,NA,NA,NA,NA,NA,NA,NA,NA,-0.466476936836895,NA,NA,NA,NA,NA,NA,NA,NA,NA,NA,NA,NA,NA,NA,NA,NA,0.504955755217324,0.494425087108014,NA,NA,NA,NA,0.672299651567944,0.506794425087108,1,0.649651567944251,NA,NA,NA,NA,NA,NA,NA,NA,NA,NA,NA,NA,NA,NA,NA,NA,NA,NA,NA,NA,NA,NA,NA,NA,NA,NA,NA,NA,NA,NA,NA,NA,NA,NA,NA,-0.76705107192336,0.76705107192336,0.54043705785298,NA,NA
"sGP_huADNP",NA,NA,NA,NA,0.547832134890979,NA,NA,-0.612449367079823,NA,NA,NA,NA,-0.773094509989745,NA,NA,NA,NA,NA,NA,NA,NA,NA,NA,NA,NA,NA,NA,NA,NA,NA,NA,NA,NA,NA,NA,NA,NA,NA,NA,0.592517231919902,NA,0.457317073170732,NA,NA,NA,0.633623693379791,0.582752613240418,0.649651567944251,1,NA,NA,NA,NA,NA,NA,NA,NA,NA,NA,NA,NA,NA,NA,NA,NA,NA,NA,NA,NA,NA,NA,NA,NA,NA,NA,NA,NA,NA,NA,NA,NA,NA,NA,NA,-0.76705107192336,0.76705107192336,NA,NA,NA
"Total_G0",NA,NA,NA,NA,NA,NA,NA,NA,NA,NA,NA,NA,NA,0.52591884949534,-0.52591884949534,NA,NA,0.52591884949534,NA,NA,NA,NA,0.693295997867679,NA,NA,NA,NA,NA,NA,NA,NA,NA,NA,NA,NA,NA,NA,NA,NA,NA,NA,NA,NA,NA,NA,NA,NA,NA,NA,1,-0.934146341463415,-0.581707317073171,NA,NA,NA,NA,NA,0.711846689895471,NA,NA,NA,-0.612684034034948,-0.849651567944251,NA,NA,-0.787839192349733,NA,NA,NA,NA,NA,NA,NA,NA,NA,NA,NA,NA,NA,0.536007245903365,0.48662379831697,NA,-0.473286382647969,NA,NA,NA,NA,NA,NA
"Total_G1",NA,NA,NA,NA,NA,NA,NA,NA,NA,NA,NA,NA,NA,-0.597137027031167,0.597137027031167,NA,NA,-0.597137027031167,NA,NA,NA,NA,-0.671897973242133,NA,NA,NA,NA,NA,NA,NA,NA,NA,NA,NA,NA,NA,NA,NA,NA,NA,NA,NA,NA,NA,NA,NA,NA,NA,NA,-0.934146341463415,1,NA,NA,NA,NA,NA,NA,-0.647212543554007,NA,NA,-0.459072108472438,0.645962194279701,0.905052264808363,NA,NA,0.695065116735794,NA,NA,NA,NA,NA,NA,NA,NA,NA,NA,NA,NA,NA,-0.553726493701824,NA,NA,NA,NA,NA,NA,NA,NA,NA
"Total_G2",NA,NA,NA,NA,NA,NA,NA,NA,NA,NA,NA,NA,NA,NA,NA,NA,NA,NA,NA,NA,NA,NA,NA,NA,NA,NA,NA,NA,NA,NA,NA,NA,NA,NA,NA,NA,NA,NA,NA,NA,NA,NA,NA,NA,NA,NA,NA,NA,NA,-0.581707317073171,NA,1,NA,NA,0.543751906086581,0.543751906086581,NA,NA,NA,NA,NA,NA,NA,NA,NA,0.587656257363036,NA,NA,NA,NA,NA,NA,NA,NA,NA,NA,NA,NA,NA,NA,NA,NA,NA,NA,NA,NA,NA,NA,NA
"Total_Fucose",NA,NA,NA,NA,NA,NA,NA,NA,NA,NA,NA,NA,NA,NA,NA,NA,NA,NA,NA,NA,NA,NA,NA,NA,NA,NA,NA,NA,NA,NA,NA,NA,NA,NA,NA,NA,NA,NA,NA,NA,NA,NA,NA,NA,NA,NA,NA,NA,NA,NA,NA,NA,1,-0.458070137659663,NA,NA,NA,NA,NA,NA,NA,NA,NA,NA,NA,NA,NA,-0.618987461473957,NA,-0.690380764143653,NA,NA,NA,NA,NA,NA,NA,NA,NA,NA,NA,NA,NA,NA,NA,NA,NA,NA,NA
"Total_Bisecting",NA,NA,NA,NA,NA,NA,NA,NA,NA,-0.489452778983804,NA,NA,NA,NA,NA,NA,NA,NA,NA,NA,NA,NA,NA,NA,NA,NA,NA,NA,NA,NA,NA,NA,NA,NA,NA,NA,NA,NA,NA,NA,NA,NA,NA,NA,NA,NA,NA,NA,NA,NA,NA,NA,-0.458070137659663,1,NA,NA,NA,NA,0.567856054213827,NA,NA,NA,NA,NA,NA,NA,NA,0.470524164186991,NA,0.529168300942239,0.730869817556266,NA,NA,NA,NA,NA,NA,NA,NA,NA,NA,NA,NA,NA,NA,NA,NA,NA,NA
"Total_mono_SA",NA,NA,NA,NA,NA,NA,NA,NA,NA,NA,NA,NA,NA,NA,NA,NA,NA,NA,NA,-0.488968394410334,NA,NA,NA,NA,NA,NA,NA,NA,NA,NA,NA,NA,NA,NA,NA,NA,NA,NA,NA,NA,NA,NA,NA,NA,NA,NA,NA,NA,NA,NA,NA,0.543751906086581,NA,NA,1,1,NA,NA,NA,NA,NA,NA,NA,NA,NA,NA,NA,NA,0.821920198275323,NA,NA,NA,NA,NA,NA,NA,NA,NA,NA,NA,NA,NA,NA,NA,NA,NA,NA,NA,NA
"Total_SA",NA,NA,NA,NA,NA,NA,NA,NA,NA,NA,NA,NA,NA,NA,NA,NA,NA,NA,NA,-0.488968394410334,NA,NA,NA,NA,NA,NA,NA,NA,NA,NA,NA,NA,NA,NA,NA,NA,NA,NA,NA,NA,NA,NA,NA,NA,NA,NA,NA,NA,NA,NA,NA,0.543751906086581,NA,NA,1,1,NA,NA,NA,NA,NA,NA,NA,NA,NA,NA,NA,NA,0.821920198275323,NA,NA,NA,NA,NA,NA,NA,NA,NA,NA,NA,NA,NA,NA,NA,NA,NA,NA,NA,NA
"G0",NA,NA,NA,NA,NA,NA,NA,NA,NA,NA,NA,0.55041740777697,NA,NA,NA,NA,NA,NA,NA,-0.649909599599659,NA,NA,NA,NA,NA,NA,NA,NA,NA,NA,NA,NA,NA,NA,NA,NA,NA,NA,NA,NA,NA,NA,NA,NA,NA,NA,NA,NA,NA,NA,NA,NA,NA,NA,NA,NA,1,NA,NA,-0.451919314542075,NA,NA,NA,NA,NA,NA,NA,NA,NA,NA,NA,NA,NA,NA,NA,NA,NA,NA,NA,NA,NA,NA,NA,NA,NA,NA,NA,NA,NA
"G0F",NA,NA,NA,NA,NA,NA,NA,NA,NA,NA,NA,NA,NA,NA,NA,NA,NA,NA,NA,NA,NA,NA,0.83452296039628,NA,NA,NA,NA,NA,NA,NA,NA,NA,NA,NA,NA,-0.468623348903205,NA,NA,NA,NA,NA,NA,-0.496689895470383,-0.493708521653723,-0.506620209059234,NA,NA,NA,NA,0.711846689895471,-0.647212543554007,NA,NA,NA,NA,NA,NA,1,NA,NA,NA,NA,-0.574738675958188,-0.493399018372456,NA,-0.787926304157821,NA,NA,NA,NA,NA,NA,NA,NA,NA,NA,NA,NA,NA,NA,0.66395280956807,NA,-0.701478031424669,NA,NA,NA,NA,NA,NA
"G0FB",NA,NA,NA,NA,NA,NA,NA,NA,NA,NA,NA,NA,NA,NA,NA,NA,NA,NA,NA,NA,NA,NA,NA,NA,NA,NA,NA,NA,NA,NA,NA,NA,NA,NA,NA,NA,NA,NA,NA,NA,NA,NA,NA,NA,NA,NA,NA,NA,NA,NA,NA,NA,NA,0.567856054213827,NA,NA,NA,NA,1,NA,NA,NA,NA,NA,NA,NA,NA,NA,NA,NA,NA,NA,NA,NA,NA,NA,NA,NA,NA,NA,NA,NA,NA,NA,NA,NA,NA,NA,NA
"G1",NA,NA,NA,NA,NA,NA,NA,NA,NA,NA,NA,NA,NA,NA,NA,NA,NA,NA,NA,0.681642544964515,NA,NA,NA,NA,NA,NA,NA,NA,NA,NA,NA,NA,NA,NA,NA,NA,NA,NA,NA,NA,NA,NA,0.464273294148499,0.4769573305542,NA,NA,NA,NA,NA,NA,NA,NA,NA,NA,NA,NA,-0.451919314542075,NA,NA,1,NA,NA,NA,NA,NA,NA,NA,NA,NA,0.537868231981373,0.505382905941415,NA,NA,NA,NA,NA,NA,NA,NA,NA,NA,NA,NA,NA,NA,NA,NA,NA,NA
"G1.",NA,NA,NA,NA,NA,NA,NA,NA,NA,NA,0.462490092386873,NA,NA,NA,NA,NA,NA,NA,NA,NA,NA,NA,0.455877211732472,NA,NA,NA,NA,NA,NA,NA,NA,NA,NA,NA,NA,NA,NA,NA,NA,NA,NA,NA,NA,NA,NA,NA,NA,NA,NA,NA,-0.459072108472438,NA,NA,NA,NA,NA,NA,NA,NA,NA,1,NA,-0.60344153032456,NA,NA,NA,NA,NA,NA,NA,NA,NA,NA,NA,NA,NA,NA,NA,NA,NA,NA,NA,NA,NA,NA,NA,NA,NA,NA
"G1F",NA,NA,NA,NA,NA,NA,NA,NA,NA,NA,NA,NA,NA,NA,NA,NA,NA,NA,NA,0.468181622096923,NA,NA,NA,NA,NA,NA,NA,NA,NA,NA,NA,NA,NA,NA,NA,NA,NA,NA,NA,NA,NA,NA,NA,NA,NA,NA,NA,NA,NA,-0.612684034034948,0.645962194279701,NA,NA,NA,NA,NA,NA,NA,NA,NA,NA,1,0.454133637057328,NA,NA,0.521932308723597,NA,NA,NA,NA,NA,NA,NA,NA,NA,NA,NA,NA,NA,NA,NA,NA,NA,NA,NA,NA,NA,NA,NA
"G1F.",NA,NA,NA,NA,NA,NA,NA,NA,NA,NA,NA,NA,NA,NA,NA,NA,NA,NA,NA,NA,NA,NA,-0.701855207717897,NA,NA,NA,NA,NA,NA,NA,NA,NA,NA,NA,NA,NA,NA,NA,NA,NA,NA,NA,NA,NA,0.483101045296167,NA,NA,NA,NA,-0.849651567944251,0.905052264808363,NA,NA,NA,NA,NA,NA,-0.574738675958188,NA,NA,-0.60344153032456,0.454133637057328,1,NA,NA,0.639662006791695,NA,NA,NA,NA,NA,NA,NA,NA,NA,NA,NA,NA,NA,-0.558156305651438,NA,NA,NA,NA,NA,NA,NA,NA,NA
"G1S1F",NA,NA,NA,NA,NA,NA,NA,NA,NA,NA,NA,NA,NA,-0.564488413913226,0.564488413913226,NA,NA,-0.564488413913226,NA,NA,NA,NA,NA,NA,NA,NA,NA,NA,NA,NA,NA,NA,NA,NA,NA,NA,NA,NA,NA,NA,NA,NA,NA,NA,NA,NA,NA,NA,NA,NA,NA,NA,NA,NA,NA,NA,NA,-0.493399018372456,NA,NA,NA,NA,NA,1,NA,NA,NA,NA,NA,NA,NA,NA,NA,NA,NA,NA,NA,NA,NA,NA,NA,NA,NA,NA,NA,NA,NA,NA,NA
"G1FB",NA,NA,NA,NA,NA,NA,NA,NA,NA,NA,NA,NA,NA,0.526125123647278,-0.526125123647278,NA,NA,0.526125123647278,NA,NA,NA,NA,NA,NA,NA,NA,NA,NA,NA,NA,NA,NA,NA,NA,NA,NA,NA,NA,NA,NA,NA,NA,NA,NA,NA,NA,NA,NA,NA,NA,NA,NA,NA,NA,NA,NA,NA,NA,NA,NA,NA,NA,NA,NA,1,NA,NA,NA,NA,NA,NA,NA,NA,NA,NA,NA,NA,NA,NA,NA,NA,NA,NA,NA,NA,NA,NA,NA,NA
"G2F",NA,NA,NA,NA,NA,NA,NA,NA,NA,NA,NA,NA,NA,NA,NA,NA,NA,NA,NA,NA,NA,NA,-0.778922022283869,NA,NA,NA,NA,NA,NA,NA,NA,NA,NA,NA,NA,NA,NA,NA,NA,NA,NA,NA,NA,0.476243572136778,0.50202535001233,NA,NA,NA,NA,-0.787839192349733,0.695065116735794,0.587656257363036,NA,NA,NA,NA,NA,-0.787926304157821,NA,NA,NA,0.521932308723597,0.639662006791695,NA,NA,1,NA,NA,NA,NA,NA,NA,NA,NA,NA,NA,NA,NA,NA,NA,NA,NA,NA,NA,NA,NA,NA,NA,NA
"G2FB",NA,NA,NA,NA,NA,NA,NA,NA,NA,NA,NA,NA,NA,NA,NA,NA,NA,NA,NA,NA,NA,NA,NA,NA,NA,NA,NA,NA,NA,NA,NA,NA,NA,NA,NA,NA,NA,NA,NA,NA,NA,NA,NA,NA,NA,NA,NA,NA,NA,NA,NA,NA,NA,NA,NA,NA,NA,NA,NA,NA,NA,NA,NA,NA,NA,NA,1,NA,NA,NA,NA,NA,NA,NA,NA,NA,NA,NA,NA,NA,NA,NA,NA,NA,NA,NA,NA,NA,NA
"G2S1",NA,NA,0.457857372994033,NA,NA,NA,NA,NA,NA,NA,NA,NA,NA,NA,NA,NA,NA,NA,NA,NA,NA,NA,NA,NA,NA,NA,NA,NA,NA,NA,NA,NA,NA,NA,NA,NA,NA,NA,NA,NA,NA,NA,NA,NA,NA,NA,NA,NA,NA,NA,NA,NA,-0.618987461473957,0.470524164186991,NA,NA,NA,NA,NA,NA,NA,NA,NA,NA,NA,NA,NA,1,NA,NA,NA,NA,NA,NA,NA,NA,NA,NA,NA,NA,NA,NA,NA,NA,NA,NA,NA,NA,NA
"G2S1F",NA,NA,NA,NA,NA,NA,NA,NA,NA,NA,NA,NA,NA,NA,NA,NA,NA,NA,NA,-0.525426709277851,NA,NA,0.494358967012326,NA,NA,NA,NA,NA,NA,NA,NA,NA,NA,NA,NA,NA,NA,NA,NA,NA,NA,NA,NA,NA,NA,NA,NA,NA,NA,NA,NA,NA,NA,NA,0.821920198275323,0.821920198275323,NA,NA,NA,NA,NA,NA,NA,NA,NA,NA,NA,NA,1,NA,-0.541441538465097,NA,NA,NA,NA,NA,NA,NA,NA,NA,NA,NA,NA,NA,NA,NA,NA,NA,NA
"G2S1B",NA,NA,NA,NA,NA,NA,NA,NA,NA,NA,NA,NA,NA,NA,NA,NA,NA,NA,NA,NA,NA,NA,NA,NA,NA,NA,NA,NA,NA,NA,NA,NA,NA,NA,NA,NA,NA,NA,NA,NA,NA,NA,NA,NA,NA,NA,NA,NA,NA,NA,NA,NA,-0.690380764143653,0.529168300942239,NA,NA,NA,NA,NA,0.537868231981373,NA,NA,NA,NA,NA,NA,NA,NA,NA,1,NA,NA,NA,NA,NA,NA,NA,NA,NA,NA,NA,NA,NA,NA,NA,NA,NA,NA,NA
"G2S1FB",NA,NA,NA,NA,NA,NA,NA,NA,NA,NA,NA,NA,NA,NA,NA,NA,NA,NA,NA,0.608821785780768,NA,NA,NA,NA,NA,NA,NA,NA,NA,NA,NA,NA,NA,NA,NA,NA,NA,NA,NA,0.472372549586389,NA,NA,NA,NA,NA,NA,NA,NA,NA,NA,NA,NA,NA,0.730869817556266,NA,NA,NA,NA,NA,0.505382905941415,NA,NA,NA,NA,NA,NA,NA,NA,-0.541441538465097,NA,1,NA,NA,NA,NA,NA,NA,NA,NA,NA,NA,NA,NA,NA,NA,NA,NA,NA,NA
"Escape Region: 10",NA,NA,NA,NA,NA,NA,NA,NA,NA,NA,NA,NA,NA,NA,NA,NA,0.698212002188447,NA,NA,NA,NA,NA,NA,0.698212002188447,NA,NA,NA,NA,NA,0.474358974358974,NA,NA,NA,NA,NA,NA,NA,NA,NA,NA,NA,NA,NA,NA,NA,NA,NA,NA,NA,NA,NA,NA,NA,NA,NA,NA,NA,NA,NA,NA,NA,NA,NA,NA,NA,NA,NA,NA,NA,NA,NA,1,NA,NA,NA,NA,NA,NA,NA,NA,NA,NA,NA,NA,NA,NA,NA,NA,NA
"Escape Region: 28",NA,NA,0.4599331055039,NA,NA,NA,NA,NA,NA,NA,NA,NA,NA,NA,NA,NA,NA,NA,NA,NA,NA,NA,NA,NA,NA,0.698212002188447,NA,NA,0.698212002188447,NA,NA,NA,NA,NA,NA,NA,NA,NA,NA,NA,NA,NA,NA,NA,NA,NA,NA,NA,NA,NA,NA,NA,NA,NA,NA,NA,NA,NA,NA,NA,NA,NA,NA,NA,NA,NA,NA,NA,NA,NA,NA,NA,1,NA,NA,NA,NA,NA,NA,NA,NA,NA,NA,NA,NA,NA,NA,NA,NA
"Escape Region: 48",NA,NA,NA,NA,NA,NA,NA,NA,NA,NA,NA,NA,NA,NA,NA,NA,NA,NA,NA,NA,NA,NA,NA,NA,NA,NA,NA,NA,NA,NA,0.698212002188447,NA,NA,NA,NA,NA,NA,NA,NA,NA,NA,NA,NA,NA,NA,NA,NA,NA,NA,NA,NA,NA,NA,NA,NA,NA,NA,NA,NA,NA,NA,NA,NA,NA,NA,NA,NA,NA,NA,NA,NA,NA,NA,1,NA,NA,NA,NA,NA,NA,NA,NA,NA,NA,NA,NA,NA,NA,NA
"Escape Region: Base",NA,NA,NA,NA,NA,NA,NA,NA,NA,NA,NA,NA,NA,-0.619240378703248,0.619240378703248,NA,NA,-0.619240378703248,0.640350877192983,NA,NA,NA,NA,NA,NA,NA,NA,0.805960699769319,NA,NA,NA,NA,NA,NA,NA,NA,NA,NA,NA,NA,NA,NA,NA,NA,NA,NA,NA,NA,NA,NA,NA,NA,NA,NA,NA,NA,NA,NA,NA,NA,NA,NA,NA,NA,NA,NA,NA,NA,NA,NA,NA,NA,NA,NA,1,NA,NA,NA,NA,NA,NA,NA,NA,NA,NA,NA,NA,NA,NA
"Escape Region: Cap",NA,NA,NA,NA,NA,NA,NA,NA,NA,NA,NA,NA,NA,NA,NA,NA,NA,NA,NA,NA,0.474358974358974,NA,NA,NA,NA,NA,NA,NA,NA,NA,NA,NA,NA,NA,NA,NA,NA,NA,NA,NA,NA,NA,NA,NA,NA,NA,NA,NA,NA,NA,NA,NA,NA,NA,NA,NA,NA,NA,NA,NA,NA,NA,NA,NA,NA,NA,NA,NA,NA,NA,NA,NA,NA,NA,NA,1,NA,NA,NA,NA,NA,NA,NA,NA,NA,NA,NA,NA,NA
"Escape Region: Fusion Loop",NA,NA,NA,NA,NA,NA,NA,NA,NA,NA,NA,NA,NA,NA,NA,NA,NA,NA,NA,NA,NA,0.480884601541784,NA,NA,NA,NA,NA,NA,NA,NA,NA,NA,NA,NA,NA,NA,NA,NA,NA,NA,NA,NA,NA,NA,NA,NA,NA,NA,NA,NA,NA,NA,NA,NA,NA,NA,NA,NA,NA,NA,NA,NA,NA,NA,NA,NA,NA,NA,NA,NA,NA,NA,NA,NA,NA,NA,1,NA,NA,NA,NA,NA,NA,0.698212002188447,NA,NA,NA,NA,NA
"Escape Region: GP1 Core",NA,NA,NA,NA,NA,NA,NA,NA,NA,NA,NA,NA,NA,NA,NA,NA,NA,NA,NA,NA,NA,0.480884601541784,NA,NA,NA,NA,NA,NA,NA,NA,NA,NA,NA,NA,NA,NA,NA,1,NA,NA,NA,NA,NA,NA,NA,NA,NA,NA,NA,NA,NA,NA,NA,NA,NA,NA,NA,NA,NA,NA,NA,NA,NA,NA,NA,NA,NA,NA,NA,NA,NA,NA,NA,NA,NA,NA,NA,1,NA,NA,NA,NA,NA,NA,NA,NA,NA,NA,NA
"Escape Region: Mucin",NA,NA,NA,NA,NA,NA,NA,NA,NA,NA,NA,NA,NA,NA,NA,NA,NA,NA,NA,NA,NA,NA,NA,NA,NA,NA,NA,NA,NA,0.698212002188447,NA,NA,NA,NA,NA,NA,NA,NA,NA,NA,NA,NA,NA,NA,NA,NA,NA,NA,NA,NA,NA,NA,NA,NA,NA,NA,NA,NA,NA,NA,NA,NA,NA,NA,NA,NA,NA,NA,NA,NA,NA,NA,NA,NA,NA,NA,NA,NA,1,NA,NA,NA,NA,NA,NA,NA,NA,NA,NA
"No Escape Mutants",NA,NA,NA,NA,NA,NA,NA,NA,NA,NA,NA,NA,NA,0.526614154242476,-0.526614154242476,NA,NA,0.526614154242476,NA,NA,NA,NA,0.517549169506766,NA,NA,NA,NA,NA,NA,NA,NA,NA,NA,NA,NA,-0.490434519685908,NA,NA,NA,NA,NA,NA,NA,NA,NA,NA,NA,NA,NA,0.536007245903365,-0.553726493701824,NA,NA,NA,NA,NA,NA,NA,NA,NA,NA,NA,-0.558156305651438,NA,NA,NA,NA,NA,NA,NA,NA,NA,NA,NA,NA,NA,NA,NA,NA,1,0.593352324204102,NA,-0.636833038308565,NA,NA,NA,NA,NA,NA
"Binding",NA,NA,NA,NA,NA,NA,NA,NA,NA,NA,NA,-0.470128076340124,NA,0.46494781490855,-0.46494781490855,NA,NA,0.46494781490855,NA,NA,NA,NA,0.639945243384084,NA,NA,NA,NA,NA,NA,NA,NA,NA,NA,NA,NA,-0.466232541170511,NA,NA,NA,NA,NA,NA,NA,NA,NA,NA,NA,NA,NA,0.48662379831697,NA,NA,NA,NA,NA,NA,NA,0.66395280956807,NA,NA,NA,NA,NA,NA,NA,NA,NA,NA,NA,NA,NA,NA,NA,NA,NA,NA,NA,NA,NA,0.593352324204102,1,NA,-0.819756061276768,NA,NA,NA,NA,NA,NA
"No binding",NA,NA,NA,NA,NA,NA,NA,NA,NA,NA,NA,NA,NA,NA,NA,NA,NA,NA,NA,NA,NA,NA,NA,NA,NA,NA,NA,NA,NA,NA,NA,NA,NA,NA,NA,NA,NA,NA,NA,NA,NA,NA,NA,NA,NA,NA,NA,NA,NA,NA,NA,NA,NA,NA,NA,NA,NA,NA,NA,NA,NA,NA,NA,NA,NA,NA,NA,NA,NA,NA,NA,NA,NA,NA,NA,NA,NA,NA,NA,NA,NA,1,NA,NA,NA,NA,NA,NA,NA
"Not done",NA,NA,NA,NA,NA,NA,NA,NA,NA,NA,NA,0.481737925195254,NA,-0.567178258108144,0.567178258108144,NA,NA,-0.567178258108144,NA,NA,NA,NA,-0.6076436202502,NA,NA,NA,NA,NA,NA,NA,NA,NA,NA,NA,NA,0.544581148637171,NA,NA,NA,NA,NA,NA,NA,NA,NA,NA,NA,NA,NA,-0.473286382647969,NA,NA,NA,NA,NA,NA,NA,-0.701478031424669,NA,NA,NA,NA,NA,NA,NA,NA,NA,NA,NA,NA,NA,NA,NA,NA,NA,NA,NA,NA,NA,-0.636833038308565,-0.819756061276768,NA,1,NA,NA,NA,NA,NA,NA
"Weak binding only",NA,NA,NA,0.546941769428245,NA,NA,NA,NA,NA,NA,NA,NA,NA,NA,NA,NA,NA,NA,NA,NA,NA,NA,NA,NA,NA,NA,NA,NA,NA,NA,NA,NA,NA,NA,NA,NA,NA,NA,NA,NA,NA,NA,NA,NA,NA,NA,NA,NA,NA,NA,NA,NA,NA,NA,NA,NA,NA,NA,NA,NA,NA,NA,NA,NA,NA,NA,NA,NA,NA,NA,NA,NA,NA,NA,NA,NA,0.698212002188447,NA,NA,NA,NA,NA,NA,1,NA,NA,NA,NA,NA
"sGP.binderFALSE",NA,0.554273995473693,-0.504524979109513,NA,-0.46494781490855,NA,NA,0.833142827069105,NA,NA,NA,NA,0.930743968253399,NA,NA,NA,NA,NA,NA,NA,NA,NA,NA,NA,NA,NA,NA,NA,NA,NA,NA,NA,NA,NA,NA,NA,NA,NA,NA,-0.493802600623711,-0.474252006834335,-0.527863103259086,NA,NA,NA,-0.618589574131742,-0.564978477706991,-0.76705107192336,-0.76705107192336,NA,NA,NA,NA,NA,NA,NA,NA,NA,NA,NA,NA,NA,NA,NA,NA,NA,NA,NA,NA,NA,NA,NA,NA,NA,NA,NA,NA,NA,NA,NA,NA,NA,NA,NA,1,-1,-0.698212002188447,NA,NA
"sGP.binderTRUE",NA,-0.554273995473693,0.504524979109513,NA,0.46494781490855,NA,NA,-0.833142827069105,NA,NA,NA,NA,-0.930743968253399,NA,NA,NA,NA,NA,NA,NA,NA,NA,NA,NA,NA,NA,NA,NA,NA,NA,NA,NA,NA,NA,NA,NA,NA,NA,NA,0.493802600623711,0.474252006834335,0.527863103259086,NA,NA,NA,0.618589574131742,0.564978477706991,0.76705107192336,0.76705107192336,NA,NA,NA,NA,NA,NA,NA,NA,NA,NA,NA,NA,NA,NA,NA,NA,NA,NA,NA,NA,NA,NA,NA,NA,NA,NA,NA,NA,NA,NA,NA,NA,NA,NA,NA,-1,1,0.698212002188447,NA,NA
"Epitope_TierTier1",NA,NA,0.722595683729513,NA,NA,0.546941769428245,NA,-0.549368468036642,NA,NA,NA,NA,-0.642715328174861,NA,NA,NA,NA,NA,NA,NA,NA,NA,NA,NA,NA,NA,NA,NA,NA,NA,NA,NA,NA,NA,NA,NA,NA,NA,NA,NA,0.487279314457605,NA,NA,NA,NA,0.456270630810303,NA,0.54043705785298,NA,NA,NA,NA,NA,NA,NA,NA,NA,NA,NA,NA,NA,NA,NA,NA,NA,NA,NA,NA,NA,NA,NA,NA,NA,NA,NA,NA,NA,NA,NA,NA,NA,NA,NA,NA,-0.698212002188447,0.698212002188447,1,-0.770229815220086,NA
"Epitope_TierTier2",NA,0.502448423176264,-0.556564739957815,NA,NA,NA,NA,NA,NA,NA,NA,NA,NA,NA,NA,NA,NA,NA,NA,NA,NA,NA,NA,NA,NA,NA,NA,NA,NA,NA,NA,NA,NA,NA,NA,NA,NA,NA,NA,NA,NA,NA,NA,NA,NA,NA,NA,NA,NA,NA,NA,NA,NA,NA,NA,NA,NA,NA,NA,NA,NA,NA,NA,NA,NA,NA,NA,NA,NA,NA,NA,NA,NA,NA,NA,NA,NA,NA,NA,NA,NA,NA,NA,NA,NA,NA,-0.770229815220086,1,NA
"Epitope_TierTier3",NA,NA,NA,NA,NA,NA,1,NA,NA,NA,NA,NA,NA,NA,NA,NA,NA,NA,NA,NA,NA,NA,NA,NA,NA,NA,NA,NA,NA,NA,NA,0.6076436202502,NA,NA,NA,NA,NA,NA,NA,NA,NA,NA,NA,NA,NA,NA,NA,NA,NA,NA,NA,NA,NA,NA,NA,NA,NA,NA,NA,NA,NA,NA,NA,NA,NA,NA,NA,NA,NA,NA,NA,NA,NA,NA,NA,NA,NA,NA,NA,NA,NA,NA,NA,NA,NA,NA,NA,NA,1
